{
  "alpha_pattern": {},
  "auto_mapping": {
    "base_model_class": "ViTForImageClassification",
    "parent_library": "transformers.models.vit.modeling_vit"
  },
  "base_model_name_or_path": "agent593/Thyroid-Ultrasound-Image-Classification-ViTModel",
  "bias": "none",
  "fan_in_fan_out": false,
  "inference_mode": true,
  "init_lora_weights": true,
  "layer_replication": null,
  "layers_pattern": null,
  "layers_to_transform": null,
  "loftq_config": {},
  "lora_alpha": 32,
  "lora_dropout": 0.1,
  "megatron_config": null,
  "megatron_core": "megatron.core",
  "modules_to_save": [
    "classifier"
  ],
  "peft_type": "LORA",
  "r": 32,
  "rank_pattern": {},
  "revision": null,
  "target_modules": [
    "query",
    "value",
    "key"
  ],
  "task_type": null,
  "use_dora": false,
  "use_rslora": false
}